N,t,S,SH,Epi,D,proportion_cancer,sd_S,sd_SH,sd_Epi,sd_D,sd_in_proportion
100,0,49395.300000000003,9540.6023284389339,1175.2627336683418,-8365.3395947705958,0.0,1972.0049213934533,380.8887636017883,16.33738845426705,372.84986707998871,0.0
100,1e-05,47668.199999999997,9207.0164552597689,1156.6179547738693,-8050.3985004859005,0.0,1871.206819141059,361.41981394359402,25.883389713014946,342.36102433187614,0.0
100,0.1,62778.0,12125.443776528122,1362.4248592964825,-10763.01891723164,0.099999999999999992,2814.7144793033626,543.65641093651539,21.185804671079719,529.69325249761869,1.3877787807814457e-17
100,0.2,74922.100000000006,14471.052138797309,1558.7143115577887,-12912.337827239522,0.19999999999999998,3039.2234353531826,587.01986188922342,35.806788939319823,559.28513253924677,2.7755575615628914e-17
100,0.3,84468.800000000003,16314.977942444782,1721.0825728643217,-14593.895369580461,0.29999999999999993,2215.5403313864545,427.92713566626753,33.525863305791589,396.92305103589536,5.5511151231257827e-17
100,0.4,96953.600000000006,18726.391820892619,1909.207336683417,-16817.184484209203,0.39999999999999997,1327.721446689779,256.4467130639315,27.869022373123116,246.90999250711536,5.5511151231257827e-17
100,0.5,103460.39999999999,19983.167085557205,2038.4530251256285,-17944.714060431572,0.5,2754.3028954710121,531.98803565838944,25.664393494410071,510.2948146570962,0.0
100,0.6,111706.60000000001,21575.903943533027,2165.7731557788948,-19410.130787754133,0.59999999999999987,1612.8618167716663,311.52099905339179,25.337734133647267,301.2040290138674,1.1102230246251565e-16
100,0.7,118732.7,22932.980953285871,2291.4817085427139,-20641.499244743161,0.70000000000000007,3008.0613707170273,581.00097210767228,28.451435025668406,565.03636195982745,1.1102230246251565e-16
100,0.8,126877.8,24506.190550663923,2424.0725778894471,-22082.117972774482,0.79999999999999993,3810.2747617461919,735.94686668383076,38.030524228899885,707.65774379667266,1.1102230246251565e-16
100,0.9,129521.2,25016.757916283634,2495.0208643216083,-22521.737051962027,0.90000000000000013,1970.7562913764859,380.64759323847005,30.419884243490255,369.26822352431719,1.1102230246251565e-16
100,1,131673.0,25432.373735811707,2595.9028341708545,-22836.470901640852,1.0,3642.32145753227,703.50702553999031,36.132079167047898,669.1429108714234,0.0
1100,0,48150.099999999999,9300.0944659627057,1180.5326783919595,-8119.5617875707449,0.0,1956.5505590196231,377.9037847546449,19.423247812102414,373.88414097307759,0.0
1100,1e-05,47073.800000000003,9092.2092970073827,1167.1682060301507,-7925.0410909772327,0.0,2767.1746168248942,534.47418261406892,33.019861061711907,518.30985373122064,0.0
1100,0.1,62518.800000000003,12075.379820574188,1356.7257889447237,-10718.654031629463,0.099999999999999992,3022.7444417284105,583.83697758754192,39.645802689720469,551.50834141218184,1.3877787807814457e-17
1100,0.2,74397.899999999994,14369.803968615781,1544.9670351758793,-12824.836933439903,0.19999999999999998,3614.0161994656305,698.03992217149892,52.065868321537224,652.86430750930481,2.7755575615628914e-17
1100,0.3,82936.100000000006,16018.940036231066,1693.6180050251255,-14325.322031205942,0.29999999999999993,4650.2653354405493,898.18934771451904,72.045584367351594,829.86136223156416,5.5511151231257827e-17
1100,0.4,93640.600000000006,18086.492569058573,1867.2449195979898,-16219.247649460585,0.39999999999999997,5273.8160036163563,1018.6268985887468,84.021629517381456,940.0962975037977,5.5511151231257827e-17
1100,0.5,102748.7,19845.703669459923,2040.8069346733669,-17804.896734786558,0.5,6587.8413012154451,1272.4282281464484,84.434668760316811,1193.7088019234573,0.0
1100,0.6,111968.60000000001,21626.508713825966,2170.1781959798996,-19456.330517846069,0.59999999999999987,4982.2641880976162,962.31425487570846,74.100304957832606,893.30966106582832,1.1102230246251565e-16
1100,0.7,120643.5,23302.048110063566,2317.7978693467335,-20984.250240716829,0.70000000000000007,4497.7504655105085,868.73140893945106,73.701847136250706,800.52963719107174,1.1102230246251565e-16
1100,0.8,125330.5,24207.332683968234,2393.3049648241204,-21814.027719144116,0.79999999999999993,4406.4785089683573,851.10241506539376,66.127892730738679,791.1487260587636,1.1102230246251565e-16
1100,0.9,128167.39999999999,24755.274183373003,2496.0347638190951,-22259.239419553909,0.90000000000000013,2835.3295822531809,547.638176392015,40.090189398565755,527.51475835766576,1.1102230246251565e-16
1100,1,131924.5,25480.950452333367,2585.9877185929645,-22894.962733740405,1.0,3815.7710688666843,737.00846729181569,30.809651220374153,711.66739276491876,0.0
1562,0,48730.699999999997,9412.2361821156901,1174.0340954773869,-8238.2020866383045,0.0,1888.2730231616401,364.71611674601388,17.207601209435648,357.19756491813166,0.0
1562,1e-05,48374.900000000001,9343.5141314659631,1168.8185376884421,-8174.6955937775201,0.0,1017.2749333390655,196.48459666561905,35.936652462451804,186.38087551905821,0.0
1772,0.1,66914.800000000003,12924.45833281761,1433.3497989949747,-11491.108533822637,0.118510158013544,3763.0985849429985,726.83488351427036,61.012359573356704,673.4158887647045,1.3877787807814457e-17
1982,0.2,77829.600000000006,15032.629885464226,1609.0248291457283,-13423.605056318494,0.21190716448032293,3382.3034222257475,653.28506772049047,56.201253529028179,600.21972612776574,2.7755575615628914e-17
2100,0.3,87040.0,16811.600024037209,1758.4323115577888,-15053.167712479419,0.29999999999999993,3028.4222294785777,584.9336308122347,53.279456539018909,542.4277621978249,5.5511151231257827e-17
2100,0.4,92602.699999999997,17886.024282466802,1868.2915276381907,-16017.732754828607,0.39999999999999997,4684.6666274133104,904.83388770712213,68.352572958217365,838.96599822849714,5.5511151231257827e-17
2100,0.5,102739.5,19843.926708060324,2029.1472412060302,-17814.779466854296,0.5,3854.1438284008032,744.42008821445097,60.768702240407222,685.64276766428702,0.0
2100,0.6,111640.3,21563.098232577217,2171.2246432160805,-19391.873589361137,0.59999999999999987,3109.8318298583285,600.65773053306418,59.843298260940685,546.30480724998938,1.1102230246251565e-16
2100,0.7,118787.0,22943.468888503074,2285.7694271356781,-20657.699461367396,0.70000000000000007,3559.7778863294266,687.5639016473217,53.159708797176755,642.05178337350299,1.1102230246251565e-16
2100,0.8,122892.0,23736.341339085255,2386.2944773869344,-21350.04686169832,0.79999999999999993,2615.4949436005413,505.17756039411853,49.229745368024325,474.96655023165749,1.1102230246251565e-16
2100,0.9,128966.10000000001,24909.541473575195,2496.3877638190957,-22413.153709756098,0.90000000000000013,2302.3140728406279,444.68730839049471,36.164414354047004,430.93399633367414,1.1102230246251565e-16
2100,1,132617.0,25614.705427248875,2578.0895577889446,-23036.615869459933,1.0,3420.8920181730377,660.7383770099558,40.015737403745938,626.09166466034867,0.0
1562,0,49160.300000000003,9495.2125535578634,1168.3212562814069,-8326.8912972764538,0.0,1660.1794511437611,320.66030446638945,26.084337286675673,305.36406702431628,0.0
1562,1e-05,48219.300000000003,9313.4603060553454,1157.5388140703517,-8155.9214919849937,0.0,1334.345536208669,257.72614256203565,26.858999478905648,243.43693598201475,0.0
1872,0.1,68674.300000000003,13264.302200491022,1449.9313919597989,-11814.370808531221,0.16559829059829062,4654.2965966942847,898.96797767534395,77.573547632417828,825.00560409254092,2.7755575615628914e-17
2182,0.2,86647.399999999994,16735.770127789081,1728.9307437185932,-15006.839384070487,0.28414298808432636,6246.5630581944824,1206.511025497384,88.702347744799923,1122.6545562639478,5.5511151231257827e-17
2492,0.3,91841.100000000006,17738.922782256472,1854.578055276382,-15884.344726980091,0.37319422150882831,3910.3328873639384,755.27289135111539,59.294549582526756,709.89157422481696,5.5511151231257827e-17
2802,0.4,97435.5,18819.469831595557,1923.7940100502515,-16895.675821545308,0.44254104211277656,6724.7070754048464,1298.8635757182819,102.49779667440612,1199.1301869771933,0.0
3100,0.5,102968.8,19888.21553946556,2011.9314673366837,-17876.284072128878,0.5,3862.0735829344317,745.95170427038011,62.777711191076776,691.0668973295077,0.0
3100,0.6,110200.89999999999,21285.081032731177,2130.4361005025121,-19154.644932228664,0.59999999999999987,4088.6097258114528,789.70670226023162,65.799782988628294,727.28837497288737,1.1102230246251565e-16
3100,0.7,119082.3,23000.505486470654,2285.2145326633167,-20715.29095380734,0.70000000000000007,3667.0497692286644,708.28324894887646,31.772289907693786,681.1245537307733,1.1102230246251565e-16
3100,0.8,124375.60000000001,24022.895679568501,2390.6207839195981,-21632.274895648898,0.79999999999999993,4830.0397348262049,932.91240949109488,63.432458459435658,872.68503035311608,1.1102230246251565e-16
3100,0.9,130143.10000000001,25136.876643937001,2511.7322010050252,-22625.144442931974,0.90000000000000013,2806.8132980303481,542.13031374810316,34.780414483122236,517.16386906418893,1.1102230246251565e-16
3100,1,122405.5,23642.374847682517,2600.8095879396983,-21041.56525974282,1.0,34253.003439844513,6615.8983622775322,26.408943977111385,6604.1233028323231,0.0
1562,0,47880.599999999999,9248.0410858331325,1163.5096532663317,-8084.5314325668005,0.0,1690.6781597926911,326.55106838016997,12.691544360849194,319.47709185310765,0.0
1562,1e-05,48674.800000000003,9401.4392101333433,1167.5322613065325,-8233.9069488268105,0.0,1057.9409057220539,204.33914701363528,24.189908857467081,191.26768414925934,0.0
1972,0.1,78072.300000000003,15079.506899777572,1613.5468592964824,-13465.960040481092,0.2079107505070994,3152.7736376086373,608.95185388103459,45.795236833507843,568.62762149746573,0.0
2382,0.2,90541.399999999994,17487.888354967399,1802.7747788944725,-15685.113576072923,0.34424853064651556,3472.6998200247599,670.74494919349979,57.675453538094956,618.39764964854294,0.0
2792,0.3,97523.199999999997,18836.408909285215,1926.0642562814069,-16910.344653003809,0.44054441260744992,4781.8118909049526,923.59729894392376,71.564836535549588,859.79063621446096,5.5511151231257827e-17
3202,0.4,103114.60000000001,19916.376514689648,2025.0761959798995,-17891.300318709746,0.51217988757026855,3463.5085159416021,668.96966739265804,71.622406368434966,601.24360166189285,0.0
3612,0.5,108983.5,21049.942684049391,2124.4768241206029,-18925.465859928783,0.56755260243632322,4442.7774477234398,858.11348169737289,57.289950146161807,809.80251878054264,1.1102230246251565e-16
4022,0.6,113455.10000000001,21913.623183446045,2202.2327738693471,-19711.390409576699,0.61163600198906021,4195.0180798180127,810.25926070203343,58.900878970995571,760.66043617107061,0.0
4100,0.7,118155.7,22821.534569854466,2272.9225175879396,-20548.612052266526,0.70000000000000007,3909.5417647084932,755.12008760969411,58.398209566275924,711.96819578409531,1.1102230246251565e-16
4100,0.8,126587.0,24450.023118598321,2416.4537386934671,-22033.569379904853,0.79999999999999993,2693.5158807773901,520.24714666844852,54.938444126655149,473.71453862203452,1.1102230246251565e-16
4100,0.9,132329.79999999999,25559.233327904854,2518.8961708542715,-23040.337157050584,0.90000000000000013,3623.6622027998142,699.90302821337445,31.993255841060137,671.49184345553215,1.1102230246251565e-16
4100,1,133093.10000000001,25706.663179678151,2591.773869346734,-23114.889310331419,1.0,2823.4155716082605,545.33700932348881,26.737020370602565,527.43892825534158,0.0
1562,0,48371.900000000001,9342.9346875313095,1161.5082562814071,-8181.4264312499045,0.0,1295.582837953637,250.23920576382747,24.70959613555673,230.75687916841358,0.0
1562,1e-05,48318.0,9332.5240115053948,1169.3210904522612,-8163.2029210531355,0.0,1677.5249029448116,324.01054341302864,14.56368446644872,317.44594094347462,0.0
2072,0.1,81419.199999999997,15725.953868073184,1650.1604522613065,-14075.793415811879,0.2461389961389962,3424.6512172774619,661.46445871669164,52.931280875445353,610.60727007073933,5.5511151231257827e-17
2582,0.2,92511.0,17868.312612864269,1867.2463216080403,-16001.066291256231,0.39504260263361735,4687.6819858006575,905.41629808323944,66.342414808439003,841.26686590692611,0.0
3092,0.3,102078.5,19716.255894458664,2035.5629195979898,-17680.692974860671,0.49482535575679176,4573.9877623360562,883.45648868606099,71.559423716778412,819.45544429841084,5.5511151231257827e-17
3602,0.4,108756.2,21006.04014860059,2109.3798291457288,-18896.660319454859,0.56635202665186024,4562.181842057591,881.1761990532799,73.258541856338397,811.95850180298419,1.1102230246251565e-16
4112,0.5,114481.10000000001,22111.793009097037,2224.8461758793974,-19886.946833217637,0.62013618677042803,6811.2545019254712,1315.5800361706547,107.21778526016702,1212.6664521465409,0.0
4622,0.6,114791.7,22171.784771131337,2239.8908743718594,-19931.89389675948,0.66205106014712256,5300.3270097230788,1023.7474458187683,75.472771530131595,951.73631759196348,1.1102230246251565e-16
5100,0.7,119882.7,23155.101128235816,2311.6382110552763,-20843.462917180535,0.70000000000000007,5058.5697197923446,977.05251404934381,55.554668405590427,929.02927308866083,1.1102230246251565e-16
5100,0.8,122984.10000000001,23754.130267879071,2376.7763316582914,-21377.353936220774,0.79999999999999993,2258.5366257822784,436.23178299965815,32.940735532678985,418.12501722344939,1.1102230246251565e-16
5100,0.9,132022.5,25499.87895419867,2511.1400653266332,-22988.738888872038,0.90000000000000013,3667.7311583593473,708.41485788184798,53.327964624383988,671.73109435455672,1.1102230246251565e-16
5100,1,132644.0,25619.920422660743,2589.2226331658289,-23030.697789494916,1.0,2392.6606111189276,462.13755959788426,21.961343246453634,458.66864332667461,0.0
1562,0,48471.400000000001,9362.1529113639372,1177.7092964824121,-8184.4436148815248,0.0,1900.4321192823488,367.06462157867884,24.360232676726302,347.61824669463493,0.0
1562,1e-05,48451.699999999997,9358.3478961930559,1173.8231658291456,-8184.5247303639098,0.0,1356.867425358867,262.07619991703154,25.835541503863571,242.73313192508064,0.0
2172,0.1,81801.699999999997,15799.832969741319,1683.7926984924623,-14116.040271248854,0.28084714548802941,4593.1859977579843,887.16458904314652,59.427246362982551,830.87861101391923,5.5511151231257827e-17
2782,0.2,96639.100000000006,18665.646781743264,1922.7902763819097,-16742.856505361357,0.43853342918763472,7247.5440453991041,1399.8484794099529,95.567096854437622,1306.7355267025041,5.5511151231257827e-17
3392,0.3,104202.3,20126.463570596647,2065.2434974874368,-18061.220073109209,0.53950471698113212,3489.5553312707339,674.00055711247944,63.012819117691102,634.76229438289715,0.0
4002,0.4,111855.10000000001,21604.586418298299,2181.5147035175878,-19423.071714780712,0.60969515242378802,4909.8431431156732,948.32627645705861,61.638826903285384,891.73643380421447,1.1102230246251565e-16
4612,0.5,118259.10000000001,22841.506070802141,2280.1686582914576,-20561.337412510686,0.66131830008673032,4410.3803339394663,851.8560446699214,71.396540932745495,783.64293345326541,0.0
5222,0.6,119238.5,23030.6752006682,2299.044125628141,-20731.631075040066,0.70088088854844888,3033.3559055936712,585.88656037904411,46.165321692377155,556.09674225325455,0.0
5832,0.7,123074.7,23771.629474705562,2349.4060753768845,-21422.223399328679,0.73216735253772292,3053.7480266059938,589.82525732413717,31.137443311292646,565.81213534628614,0.0
6100,0.8,124622.3,24070.545285794717,2371.7306633165826,-21698.81462247813,0.79999999999999993,2445.4571781161903,472.33510977022189,37.132344030359278,445.53533736946753,1.1102230246251565e-16
6100,0.9,128176.3,24756.993200379136,2478.8029296482414,-22278.190270730898,0.90000000000000013,3884.3765020914229,750.25946801389864,34.875856716322424,718.42204068502303,1.1102230246251565e-16
6100,1,132755.79999999999,25641.514366625441,2587.9986633165827,-23053.515703308862,1.0,3569.6630597298677,689.47320290394441,30.561103657093046,662.75390688335756,0.0
1562,0,48547.0,9376.7548985171688,1166.8273165829146,-8209.9275819342529,0.0,1136.9958663073494,219.60845281873677,20.762839674009058,203.10894628191113,0.0
1562,1e-05,47623.800000000003,9198.4406850269188,1145.2119447236182,-8053.2287403033015,0.0,1253.054970861215,242.02503421703068,19.496269199443784,237.45171579575646,0.0
2272,0.1,87909.300000000003,16979.503561501537,1760.3933969849247,-15219.110164516615,0.3125,2735.046107472413,528.26862598950004,39.140672157328233,498.72877794501267,0.0
2982,0.2,100897.89999999999,19488.225391375272,1986.5119798994979,-17501.713411475776,0.47619047619047616,5981.0122629869265,1155.2204262890382,90.817949879527134,1070.2276504094134,0.0
3692,0.3,110194.89999999999,21283.922144861874,2165.1797989949746,-19118.7423458669,0.57692307692307676,5331.28152417409,1029.7262477016795,75.87559076177682,956.71584741492768,1.1102230246251565e-16
4402,0.4,115236.2,22257.639047448945,2221.9964874371863,-20035.642560011758,0.64516129032258074,4882.2448484278211,942.99572163585367,76.348204836976819,871.56353709298128,1.1102230246251565e-16
5112,0.5,119412.89999999999,23064.360208069305,2314.9462562814069,-20749.413951787901,0.69444444444444453,4261.2229336189394,823.04659436185716,55.821681931579938,769.68971255702809,1.1102230246251565e-16
5822,0.6,119403.10000000001,23062.467357882775,2317.2381105527638,-20745.229247330011,0.7317073170731706,3626.0562998938672,700.36544322674604,55.908511999793468,651.6597121842492,1.1102230246251565e-16
6532,0.7,120210.0,23218.318461506347,2345.9654522613068,-20872.353009245042,0.76086956521739146,4417.31103727143,853.19469600611478,80.512888366565562,784.08465780016263,1.1102230246251565e-16
7100,0.8,124190.5,23987.143988800472,2392.0700050251257,-21595.073983775339,0.79999999999999993,4220.1380368419232,815.1111296141089,50.733423918220062,768.07723832354418,1.1102230246251565e-16
7100,0.9,127441.60000000001,24615.087380782858,2483.1010804020102,-22131.986300380846,0.90000000000000013,2718.6429040975572,525.10038042135852,18.807120266174991,513.79131413481616,1.1102230246251565e-16
7100,1,130664.0,25237.487425790408,2579.4923668341708,-22657.995058956243,1.0,2006.7195120394879,387.59381659971234,23.267627194439857,376.48404786633677,0.0
1562,0,48468.099999999999,9361.5155230358214,1171.1426834170854,-8190.3728396187344,0.0,1321.1897252098202,255.18512426579906,31.744129246177767,241.85230890198076,0.0
1562,1e-05,48082.0,9286.9410886461046,1168.3550050251256,-8118.5860836209786,0.0,2003.0537187005245,386.88577602772943,26.047316909501163,372.78419490172291,0.0
2372,0.1,92293.199999999997,17826.244983208533,1847.5110703517585,-15978.733912856775,0.34148397976391237,5782.8025696888535,1116.9366247654361,87.865074440535068,1035.8816287038555,5.5511151231257827e-17
3182,0.2,102847.2,19864.728745314329,2035.7996331658294,-17828.9291121485,0.50911376492771854,5439.3570723018365,1050.6008213172854,77.652210123184901,976.3286091587787,1.1102230246251565e-16
3992,0.3,111297.8,21496.945050037779,2185.3778643216083,-19311.567185716172,0.60871743486973962,5132.0967605843134,991.25411332261581,60.174995244252095,934.29879156117988,1.1102230246251565e-16
4802,0.4,116730.3,22546.221441703474,2272.322246231156,-20273.899195472317,0.67471886713869211,3887.5624766683809,750.87483256208918,53.853519124626665,700.0418291346175,1.1102230246251565e-16
5612,0.5,117771.89999999999,22747.404375814654,2293.2608442211053,-20454.143531593549,0.72166785459729155,4824.7545523062627,931.89158717285807,70.313551820871183,869.49948038433899,0.0
6422,0.6,121163.2,23402.427114343118,2359.0832914572861,-21043.343822885832,0.75677359078168782,5871.356177238782,1134.0405750275561,68.923302483571533,1069.3041656686855,1.1102230246251565e-16
7232,0.7,122479.2,23656.609853677131,2374.04856281407,-21282.561290863065,0.78401548672566357,2411.3199621783915,465.74157552986719,46.487414705139628,426.94129862123714,1.1102230246251565e-16
8042,0.8,124935.0,24130.942658583277,2420.2377085427133,-21710.704950040563,0.80576970902760503,5901.2165694880241,1139.8080494192736,80.489561895136248,1071.7428307116138,0.0
8100,0.9,131954.39999999999,25486.725576882069,2529.0469798994973,-22957.678596982569,0.90000000000000013,2071.0447701582889,400.01811015366724,37.950355204905613,367.62970201253302,1.1102230246251565e-16
8100,1,132529.39999999999,25597.785664357034,2577.2139497487433,-23020.571714608293,1.0,2059.5785588318795,397.80343461815858,24.653161510195254,379.3199470027713,0.0
1562,0,48534.400000000001,9374.3212339916281,1166.0435979899498,-8208.2776360016778,0.0,1472.2736294588722,284.36667491268537,11.178751892744961,277.08588164124257,0.0
1562,1e-05,47647.099999999999,9202.9410329193834,1162.7065979899496,-8040.2344349294335,0.0,1508.5883103086805,291.38078209843366,25.235619608388742,281.3665718286569,0.0
2472,0.1,91565.699999999997,17685.729829055417,1827.2095226130655,-15858.520306442355,0.36812297734627825,3965.5581713045135,765.93954329071551,63.676681124672108,708.30876078276287,5.5511151231257827e-17
3382,0.2,102981.10000000001,19890.591259597633,2034.7345778894473,-17855.856681708185,0.5381431105854525,4022.7421605168779,776.98451519348578,62.275373105482942,727.32935910736205,1.1102230246251565e-16
4292,0.3,115571.0,22322.304990556109,2245.0329748743725,-20077.272015681745,0.6360671015843431,2708.997452933465,523.23738103002097,47.158457894737474,479.63625653762557,1.1102230246251565e-16
5202,0.4,119159.39999999999,23015.397195591213,2310.202316582915,-20705.194879008301,0.69973087274125334,4456.0816240279983,860.68315645244536,68.156659170052563,799.59584302343001,0.0
6112,0.5,120045.89999999999,23186.622878280883,2309.9549095477391,-20876.667968733145,0.7444371727748692,4726.9672402080387,913.0041655457776,54.091806084290447,863.41330621235556,1.1102230246251565e-16
7022,0.6,122590.5,23678.107223652722,2371.9412613065329,-21306.165962346193,0.77755625178011978,4408.5920938549079,851.51064971302117,73.540329732342869,782.96686410798316,1.1102230246251565e-16
7932,0.7,125131.2,24168.838291909517,2400.6979447236181,-21768.140347185898,0.80307614725163901,3041.0440246731055,587.37150503553073,47.209649161333914,547.82304129479928,1.1102230246251565e-16
8842,0.8,127421.0,24611.108532431586,2425.6923668341706,-22185.416165597409,0.82334313503732193,3949.5781293702748,762.85303049928905,66.080219140039446,697.84555806619517,0.0
9100,0.9,129814.60000000001,25073.427533092603,2498.8673768844224,-22574.560156208183,0.90000000000000013,4935.9430142577621,953.36741379988587,47.379507943703395,912.74590994928701,1.1102230246251565e-16
9100,1,133754.39999999999,25834.391937673274,2611.96775879397,-23222.424178879308,1.0,2482.6215257263843,479.51332837289715,34.571098701462198,451.73882537944127,0.0
1562,0,48112.900000000001,9292.9093611730223,1179.6833115577888,-8113.2260496152321,0.0,1535.0008762212485,296.48231580397839,30.842163025616507,275.72671688069113,0.0
1562,1e-05,48494.099999999999,9366.5373704694703,1168.4429748743719,-8198.094395595097,0.0,1370.9824543005648,264.80248921959998,24.811081849819068,257.93076353277854,0.0
2572,0.1,93957.5,18147.70116335565,1884.1380201005024,-16263.563143255149,0.39269051321928466,5058.2510860968541,976.99097059526787,69.755605418289804,912.15123573170263,5.5511151231257827e-17
3582,0.2,108397.8,20936.815913207494,2138.6131959798995,-18798.202717227592,0.5639307649357902,3885.7209832925469,750.51915183964707,61.278261490167928,699.12255124280875,1.1102230246251565e-16
4592,0.3,116223.60000000001,22448.353361140744,2261.3084673366834,-20187.044893804064,0.65984320557491294,3823.3817544158469,738.47845581848446,52.532815059498041,695.95575909491197,0.0
5602,0.4,118763.3,22938.891281419325,2292.68832160804,-20646.202959811286,0.72117101035344522,2584.0181133266074,499.09787426601753,49.296623107023471,462.28338671483186,0.0
6612,0.5,122389.60000000001,23639.303794828862,2373.1346331658292,-21266.169161663034,0.76376285541439792,4125.9521858596472,796.91932292020226,52.24314126688278,754.52720523730113,1.1102230246251565e-16
7622,0.6,123016.10000000001,23760.311003182022,2399.3492160804021,-21360.96178710162,0.7950669115717659,3124.6341689868273,603.51677240862159,45.013820988407247,574.00392031952265,0.0
8632,0.7,127808.60000000001,24685.972688788625,2444.6357236180907,-22241.336965170532,0.81904541241890638,2377.1439249654195,459.14054303870063,45.181210293623209,435.06509945796756,0.0
9642,0.8,127516.60000000001,24629.57347914916,2440.4026783919599,-22189.170800757198,0.83800041485169063,2645.6847582431283,511.00866205509004,40.57402773217089,478.00249315442426,1.1102230246251565e-16
10100,0.9,130050.7,25119.029770749719,2499.2542160804019,-22619.775554669319,0.90000000000000013,3414.4651425955426,659.49703898590758,48.773423639245578,614.5948378638634,1.1102230246251565e-16
10100,1,131766.10000000001,25450.355812583741,2588.296924623116,-22862.058887960622,1.0,3044.6063604347937,588.05956298563274,26.173783328761697,584.03877323048982,0.0
1562,0,47959.0,9263.1838873253728,1156.2864070351759,-8106.8974802901957,0.0,1899.3449397094778,366.85463504221963,26.387367834829565,351.54550767409677,0.0
1562,1e-05,49337.400000000001,9529.4190605001531,1169.5008291457289,-8359.9182313544243,0.0,2737.6911878442393,528.77951791554062,26.754089261351425,507.23160639333264,0.0
2672,0.1,94832.199999999997,18316.647699902358,1888.5034974874372,-16428.144202414918,0.41541916167664672,6249.2334537925535,1207.0268070081913,77.885400065338942,1130.6913233751334,0.0
3782,0.2,109578.7,21164.904360684352,2138.340095477387,-19026.564265206958,0.58699101004759402,4182.1087993977399,807.76585928861721,70.232160681832511,744.03254603186213,1.1102230246251565e-16
4892,0.3,118038.10000000001,22798.82036761611,2287.2357236180901,-20511.584643998016,0.68070318887980374,2300.3702506335799,444.31186306118997,45.547090352552473,408.44509368108629,0.0
6002,0.4,119450.8,23071.680516443746,2321.3326532663314,-20750.347863177412,0.73975341552815721,4112.8555967843067,794.38974321875696,49.805473720554737,752.85283919392452,1.1102230246251565e-16
7112,0.5,122858.8,23729.928826208437,2374.2246231155777,-21355.704203092861,0.78037120359955015,3782.8968740900141,730.6588830351792,33.907976304272303,703.28243832993985,1.1102230246251565e-16
8222,0.6,123731.10000000001,23898.411807607419,2407.5553065326631,-21490.856501074762,0.81002189248358047,3994.1492323146867,771.46184891992016,45.251491734147919,733.22032733806452,1.1102230246251565e-16
9331,0.7,125688.8,24276.537604563509,2417.6960251256287,-21858.841579437874,0.83260100739470588,4346.2874456252885,839.47663287392822,50.074356327584439,798.5680980857959,1.1102230246251565e-16
10442,0.8,129540.5,25020.485672263232,2477.1304623115579,-22543.355209951675,0.85041179850603332,3860.0342809358572,745.55781721238202,55.560038275361869,708.8038258001917,0.0
11100,0.9,129162.3,24947.437106901434,2493.0912512562818,-22454.345855645151,0.90000000000000013,2648.8810109176293,511.62601179704149,42.202344259270461,479.80535472586325,1.1102230246251565e-16
11100,1,131832.20000000001,25463.122893943906,2589.6522864321605,-22873.47060751175,1.0,2729.5636574368436,527.20970184945202,23.534837118892369,521.73905690914148,0.0
1562,0,47959.199999999997,9263.2225169210142,1171.3777989949749,-8091.8447179260402,0.0,1276.2176773575893,246.49886414684713,32.597471644904701,243.79895303168294,0.0
1562,1e-05,47843.699999999997,9240.9139254369129,1156.1053668341708,-8084.8085586027419,0.0,1010.7779231858995,195.22971229007737,25.501056749454609,195.68768934430292,0.0
2772,0.1,95972.0,18536.797765474483,1907.7524874371859,-16629.045278037294,0.43650793650793662,3424.5741925091943,661.44958153842867,57.611298500045685,613.31790306258972,1.1102230246251565e-16
3982,0.2,111451.7,21526.670523885427,2167.2221457286437,-19359.448378156783,0.60773480662983415,3856.7940844696391,744.93197981590458,41.472873660428093,712.63495820229411,1.1102230246251565e-16
5192,0.3,120583.0,23290.362657381418,2320.5896884422114,-20969.772968939204,0.69915254237288138,3424.7858327200547,661.49045941726513,39.825097770011737,630.69407886781084,0.0
6402,0.4,122242.0,23610.795153243984,2354.3970201005022,-21256.398133143481,0.75601374570446733,1530.0768608145149,295.53125218345701,28.713178899859066,279.96211676087984,0.0
7612,0.5,124352.7,24018.472590867321,2391.3115778894471,-21627.161012977871,0.79479768786127181,4643.7418328326567,896.92934637490862,39.573886380785353,864.07276702303477,1.1102230246251565e-16
8822,0.6,124898.2,24123.834812984878,2405.1943165829148,-21718.640496401964,0.82294264339152101,2124.0614774530418,410.25817997938998,39.566028190644722,376.82918916386114,2.2204460492503131e-16
10032,0.7,126606.3,24453.750874577912,2432.0644221105526,-22021.686452467366,0.8442982456140351,3842.0900054527615,742.09191668224628,47.456925642072356,704.11439009540334,0.0
11242,0.8,130578.0,25220.876699663721,2489.1485326633165,-22731.728167000401,0.86105675146771055,2821.1337437278653,544.89627888174994,39.313163431737799,519.69428590696975,2.2204460492503131e-16
12100,0.9,130522.10000000001,25210.079727681372,2505.9887638190953,-22704.090963862276,0.90000000000000013,2039.3787509925664,393.90188257361694,17.179267367476797,386.20825350273753,1.1102230246251565e-16
12100,1,131805.39999999999,25457.946528127683,2582.3016934673369,-22875.644834660347,1.0,2649.5706897533419,511.75922186977925,43.248593226524285,487.33072917922493,0.0
1562,0,49487.400000000001,9558.3912572327554,1162.2671256281405,-8396.1241316046107,0.0,1707.3042025368529,329.76235492195991,15.539416685411926,329.66104702679615,0.0
1562,1e-05,49288.599999999999,9519.993439163145,1166.7043065326632,-8353.2891326304834,0.0,1384.6940600724768,267.45085815255788,18.650840623677666,263.29457327130496,0.0
2872,0.1,98729.100000000006,19069.326056217506,1948.6209698492464,-17120.705086368256,0.45612813370473548,5299.2341418359692,1023.5363605959141,70.812363183453229,957.78595494354147,1.1102230246251565e-16
4182,0.2,111181.10000000001,21474.404680979809,2170.4999798994977,-19303.904701080319,0.62649450023912012,6258.9815856894802,1208.9096389754791,83.145336334784801,1129.3261948442218,1.1102230246251565e-16
5492,0.3,118483.89999999999,22884.925736305398,2296.1021758793968,-20588.823560426004,0.71558630735615447,3190.7492051240883,616.28675796829975,50.389037631712796,570.98952785992503,1.1102230246251565e-16
6802,0.4,122690.39999999999,23697.402706676636,2358.8222412060304,-21338.580465470604,0.77036165833578363,4569.6166403758643,882.61221531690819,68.604178808791332,816.86130371813829,0.0
8112,0.5,125848.89999999999,24307.460595876102,2408.9426783919598,-21898.517917484143,0.80744575936883645,4793.5680541742604,925.86797811098359,63.916713333623953,868.5095706006897,1.1102230246251565e-16
9422,0.6,126597.89999999999,24452.12843156089,2441.8885477386939,-22010.239883822196,0.83421778815538095,3537.8110591155091,683.3210533831043,41.83069307881086,648.66238851425771,1.1102230246251565e-16
10732,0.7,127398.8,24606.820647315159,2438.0573165829142,-22168.763330732239,0.85445396943719731,4719.2946676383754,911.52222366622198,54.084117742953453,870.4683755417077,1.1102230246251565e-16
12042,0.8,128906.2,24897.971909679974,2474.5301005025131,-22423.441809177461,0.87028732768643091,3476.6517168102991,671.50825006775028,46.887988710344445,639.22566635494934,1.1102230246251565e-16
13100,0.9,129396.2,24992.61441900647,2490.4946733668339,-22502.11974563964,0.90000000000000013,4024.1789920429737,777.26203629779002,57.980645448111801,728.76478549301692,1.1102230246251565e-16
13100,1,133108.0,25709.541084553588,2579.0224271356783,-23130.518657417913,1.0,3655.9701038164958,706.14323397519263,39.48918333290807,674.46254890654916,0.0
1562,0,49020.199999999997,9468.1525218096122,1177.0836934673366,-8291.0688283422751,0.0,1199.8932285832768,231.75695117753537,12.746108926292575,230.66613514967744,0.0
1562,1e-05,48876.800000000003,9440.4551017332451,1169.1007638190954,-8271.3543379141502,0.0,1482.2194034622541,286.28768105324497,23.878448562961502,269.47461178854229,0.0
2972,0.1,101147.0,19536.33855274921,1995.8413266331659,-17540.497226116047,0.47442799461641993,5408.3839915449789,1044.6184333899355,89.518310224433151,960.1431588617337,0.0
4382,0.2,115467.60000000001,22302.333489608438,2231.0200100502516,-20071.313479558186,0.64354176175262434,3540.7898610338343,683.89640295113861,52.877108829942451,640.96036463751921,0.0
5792,0.3,121969.39999999999,23558.143014381934,2339.6672462311558,-21218.47576815078,0.73031767955801108,4692.8364812765431,906.41187846313642,60.208225608003687,851.3782690259319,0.0
7202,0.4,124209.2,23990.755855993131,2392.0629949748741,-21598.692861018255,0.78311580116634272,3517.5064690772074,679.3992628686749,51.721016610980868,633.06171951665522,0.0
8612,0.5,125423.5,24225.295445942444,2407.1119849246234,-21818.183461017819,0.81862517417556901,3076.8235649773615,594.28225090684384,51.593212928930008,550.0796179649484,0.0
10022,0.6,128093.8,24741.058492176213,2451.1851809045229,-22289.873311271684,0.8441428856515667,3119.7666194765275,602.57661506183433,48.852590881215434,568.0835540482135,1.1102230246251565e-16
11432,0.7,128572.60000000001,24833.53774414667,2491.4021005025124,-22342.135643644157,0.86336599020293914,3086.7456390185439,596.19867944762041,35.128753583546505,571.10042798478185,0.0
12842,0.8,129028.39999999999,24921.574592618133,2465.3356582914575,-22456.238934326673,0.87836785547422536,3545.8842959126569,684.88038274814312,46.227909226132162,641.57111760566784,1.1102230246251565e-16
14100,0.9,132026.79999999999,25500.709490505003,2512.447718592965,-22988.261771912039,0.90000000000000013,2954.3951936056219,570.63545849994978,34.487638371421802,538.67654269187892,1.1102230246251565e-16
14100,1,132610.79999999999,25613.507909783926,2591.2986281407029,-23022.209281643223,1.0,2907.1702323737427,561.51405271661974,33.378674859820492,535.78878578171998,0.0
